-- --------------------------------------------------------
-- Хост:                         127.0.0.1
-- Версия сервера:               5.5.47-0ubuntu0.14.04.1 - (Ubuntu)
-- Операционная система:         debian-linux-gnu
-- HeidiSQL Версия:              9.3.0.5038
-- --------------------------------------------------------

/*!40101 SET @OLD_CHARACTER_SET_CLIENT=@@CHARACTER_SET_CLIENT */;
/*!40101 SET NAMES utf8 */;
/*!50503 SET NAMES utf8mb4 */;
/*!40014 SET @OLD_FOREIGN_KEY_CHECKS=@@FOREIGN_KEY_CHECKS, FOREIGN_KEY_CHECKS=0 */;
/*!40101 SET @OLD_SQL_MODE=@@SQL_MODE, SQL_MODE='NO_AUTO_VALUE_ON_ZERO' */;

-- Дамп структуры для таблица isgeo.area
CREATE TABLE IF NOT EXISTS `area` (
  `id` int(11) NOT NULL AUTO_INCREMENT,
  `name` varchar(255) DEFAULT NULL,
  `koatu` varchar(255) DEFAULT NULL,
  `region_id` int(11) DEFAULT NULL,
  PRIMARY KEY (`id`)
) ENGINE=InnoDB AUTO_INCREMENT=1003 DEFAULT CHARSET=utf8;

-- Дамп данных таблицы isgeo.area: ~1 195 rows (приблизительно)
/*!40000 ALTER TABLE `area` DISABLE KEYS */;
REPLACE INTO `area` (`id`, `name`, `koatu`, `region_id`) VALUES
	(0, 'Не известно', '0', 0),
	(1, 'Херсонська міська рада', '6510100000', 12),
	(2, 'р-н Дніпровський', '6510136300', 12),
	(3, 'р-н Комсомольський', '6510136600', 12),
	(4, 'р-н Суворовський', '6510136900', 12),
	(5, 'Антонівська селищна рада', '6510165300', 12),
	(6, 'смт Антонівка', '6510165300', 12),
	(7, 'с-ще Молодіжне', '6510165301', 12),
	(8, 'Зеленівська селищна рада', '6510165600', 12),
	(9, 'смт Зеленівка', '6510165600', 12),
	(10, 'с. Богданівка', '6510165601', 12),
	(11, 'с. Петрівка', '6510165603', 12),
	(12, 'с-ще Сонячне', '6510165605', 12),
	(13, 'Наддніпрянська селищна рада', '6510165800', 12),
	(14, 'смт Наддніпрянське', '6510165800', 12),
	(15, 'с-ще Жовтневе', '6510165801', 12),
	(16, 'Комишанська селищна рада', '6510166400', 12),
	(17, 'смт Комишани', '6510166400', 12),
	(18, 'с-ще Куйбишеве', '6510166401', 12),
	(19, 'с-ще Петровського', '6510166403', 12),
	(20, 'с-ще Приозерне', '6510166405', 12),
	(21, 'Степанівська сільська рада', '6510192500', 12),
	(22, 'с. Степанівка', '6510192501', 12),
	(23, 'Новокаховська міська рада', '6510700000', 14),
	(24, 'м. Нова Каховка', '6510700000', 14),
	(25, 'Дніпрянська селищна рада', '6510745300', 14),
	(26, 'смт Дніпряни', '6510745300', 14),
	(27, 'с. Корсунка', '6510745301', 14),
	(28, 'с. Нові Лагері', '6510745303', 14),
	(29, 'с. Піщане', '6510745305', 14),
	(30, 'Таврійська міська рада', '6510770800', 14),
	(31, 'м. Таврійськ', '6510770800', 14),
	(32, 'с-ще Плодове', '6510770801', 14),
	(33, 'Райська сільська рада', '6510790800', 14),
	(34, 'с-ще Райське', '6510790801', 14),
	(35, 'с. Маслівка', '6510790803', 14),
	(36, 'с. Обривка', '6510790805', 14),
	(37, 'с-ще Тополівка', '6510790807', 14),
	(38, 'Білозерська селищна рада', '6520355100', 3),
	(39, 'смт Білозерка', '6520355100', 3),
	(40, 'с. Черешеньки', '6520355101', 3),
	(41, 'с. Розлив', '6520355102', 3),
	(42, 'Олександрівська сільська рада', '6520380500', 3),
	(43, 'с. Олександрівка', '6520380501', 3),
	(44, 'Надеждівська сільська рада', '6520380700', 3),
	(45, 'с. Надеждівка', '6520380701', 3),
	(46, 'с. Знам\'янка', '6520380703', 3),
	(47, 'с. Зорівка', '6520380705', 3),
	(48, 'Дар\'ївська сільська рада', '6520381000', 3),
	(49, 'с. Дар\'ївка', '6520381001', 3),
	(50, 'Дніпровська сільська рада', '6520381400', 3),
	(51, 'с-ще Дніпровське', '6520381401', 3),
	(52, 'с-ще Янтарне', '6520381402', 3),
	(53, 'с-ще Первомайське', '6520381405', 3),
	(54, 'с-ще Ромашкове', '6520381407', 3),
	(55, 'Інгулецька сільська рада', '6520382000', 3),
	(56, 'с. Інгулець', '6520382001', 3),
	(57, 'с. Тельмана', '6520382002', 3),
	(58, 'с. Ясна Поляна', '6520382003', 3),
	(59, 'Кізомиська сільська рада', '6520382500', 3),
	(60, 'с. Кізомис', '6520382501', 3),
	(61, 'с. Берегове', '6520382502', 3),
	(62, 'с. Велетенське', '6520382503', 3),
	(63, 'с. Гончарне', '6520382505', 3),
	(64, 'Киселівська сільська рада', '6520383000', 3),
	(65, 'с. Киселівка', '6520383001', 3),
	(66, 'с. Барвінок', '6520383002', 3),
	(67, 'с. Зелений Гай', '6520383003', 3),
	(68, 'с. Клапая', '6520383004', 3),
	(69, 'Музиківська сільська рада', '6520383500', 3),
	(70, 'с. Музиківка', '6520383501', 3),
	(71, 'с. Висунці', '6520383502', 3),
	(72, 'с. Мірошниківка', '6520383503', 3),
	(73, 'Микільська сільська рада', '6520384500', 3),
	(74, 'с. Микільське', '6520384501', 3),
	(75, 'с. Понятівка', '6520384502', 3),
	(76, 'Петрівська сільська рада', '6520384700', 3),
	(77, 'с. Петрівське', '6520384701', 3),
	(78, 'Посад-Покровська сільська рада', '6520385000', 3),
	(79, 'с. Посад-Покровське', '6520385001', 3),
	(80, 'с. Солдатське', '6520385002', 3),
	(81, 'с. Копані', '6520385003', 3),
	(82, 'Правдинська сільська рада', '6520385500', 3),
	(83, 'с. Правдине', '6520385501', 3),
	(84, 'с. Кірове', '6520385502', 3),
	(85, 'с. Нова Зоря', '6520385503', 3),
	(86, 'Радянська сільська рада', '6520385800', 3),
	(87, 'с. Радянське', '6520385801', 3),
	(88, 'с. Грозове', '6520385802', 3),
	(89, 'с. Дослідне', '6520385803', 3),
	(90, 'с. Молодецьке', '6520385804', 3),
	(91, 'с. Паришеве', '6520385805', 3),
	(92, 'с. Червоний Поділ', '6520385806', 3),
	(93, 'Садівська сільська рада', '6520386000', 3),
	(94, 'с. Садове', '6520386001', 3),
	(95, 'с-ще Придніпровське', '6520386002', 3),
	(96, 'Станіславська сільська', '6520386500', 3),
	(97, 'с. Станіслав', '6520386501', 3),
	(98, 'Східненська сільська рада', '6520386700', 3),
	(99, 'с. Східне', '6520386701', 3),
	(100, 'с. Загорянівка', '6520386703', 3),
	(101, 'Токарівська сільська рада', '6520387000', 3),
	(102, 'с. Токарівка', '6520387001', 3),
	(103, 'с. Іванівка', '6520387002', 3),
	(104, 'с. Новотягинка', '6520387003', 3),
	(105, 'Томинобалківська сільська рада', '6520387100', 3),
	(106, 'с. Томина Балка', '6520387101', 3),
	(107, 'с. Новодмитрівка', '6520387102', 3),
	(108, 'Федорівська сільська рада', '6520387300', 3),
	(109, 'с. Федорівка', '6520387301', 3),
	(110, 'с. Ульянівка', '6520387302', 3),
	(111, 'Чорнобаївська сільська рада', '6520387500', 3),
	(112, 'с. Чорнобаївка', '6520387501', 3),
	(113, 'с. Крутий Яр', '6520387502', 3),
	(114, 'Широкобалківська сільська рада', '6520388600', 3),
	(115, 'с. Широка Балка', '6520388601', 3),
	(116, 'с. Софіївка', '6520388602', 3),
	(117, 'Бериславська міська рада', '6520610100', 2),
	(118, 'м. Берислав', '6520610100', 2),
	(119, 'Козацька селищна рада', '6520655400', 2),
	(120, 'смт Козацьке', '6520655400', 2),
	(121, 'Бургунська сільська рада', '6520680200', 2),
	(122, 'с. Бургунка', '6520680201', 2),
	(123, 'Веселівська сільська рада', '6520680400', 2),
	(124, 'с. Веселе', '6520680401', 2),
	(125, 'Високівська сільська рада', '6520680600', 2),
	(126, 'с. Високе', '6520680601', 2),
	(127, 'с. Львівські Отруби', '6520680602', 2),
	(128, 'с-ще Матросівка', '6520680603', 2),
	(129, 'с. Таврійське', '6520680605', 2),
	(130, 'Зміївська сільська рада', '6520681200', 2),
	(131, 'с. Зміївка', '6520681201', 2),
	(132, 'Качкарівська сільська рада', '6520681800', 2),
	(133, 'с. Качкарівка', '6520681801', 2),
	(134, 'с. Саблуківка', '6520681802', 2),
	(135, 'Кіровська сільська рада', '6520682400', 2),
	(136, 'с. Кірове', '6520682401', 2),
	(137, 'с. Вітрове', '6520682402', 2),
	(138, 'с. Інгулівка', '6520682403', 2),
	(139, 'с. Куйбишеве', '6520682405', 2),
	(140, 'с. Чайкине', '6520682406', 2),
	(141, 'Львівська сільська рада', '6520683000', 2),
	(142, 'с. Львове', '6520683001', 2),
	(143, 'Максима-Горьківська сільська рада', '6520683600', 2),
	(144, 'с. Максима Горького', '6520683601', 2),
	(145, 'Милівська сільська рада', '6520684200', 2),
	(146, 'с. Милове', '6520684201', 2),
	(147, 'с. Суханове', '6520684202', 2),
	(148, 'с. Червоний Яр', '6520684203', 2),
	(149, 'Новобериславська сільська рада', '6520684400', 2),
	(150, 'с. Новоберислав', '6520684401', 2),
	(151, 'Новокаїрська сільська рада', '6520684800', 2),
	(152, 'с. Новокаїри', '6520684801', 2),
	(153, 'с. Республіканець', '6520684802', 2),
	(154, 'Новорайська сільська рада', '6520685200', 2),
	(155, 'с. Новорайськ', '6520685201', 2),
	(156, 'с. Заможне', '6520685203', 2),
	(157, 'с. Костирка', '6520685204', 2),
	(158, 'Ольгівська сільська рада', '6520685500', 2),
	(159, 'с. Ольгівка', '6520685501', 2),
	(160, 'с. Вірівка', '6520685502', 2),
	(161, 'Одрадокам\'янська сільська рада', '6520685900', 2),
	(162, 'с. Одрадокам\'янка', '6520685901', 2),
	(163, 'с. Миколаївка', '6520685902', 2),
	(164, 'Раківська сільська рада', '6520686600', 2),
	(165, 'с. Раківка', '6520686601', 2),
	(166, 'с. Новосілка', '6520686602', 2),
	(167, 'с. Першотравневе', '6520686603', 2),
	(168, 'с. Тараса Шевченка', '6520686604', 2),
	(169, 'Степнянська сільська рада', '6520686700', 2),
	(170, 'с. Степне', '6520686701', 2),
	(171, 'с. Кошара', '6520686702', 2),
	(172, 'Томаринська сільська рада', '6520686900', 2),
	(173, 'с. Томарине', '6520686901', 2),
	(174, 'Тягинська сільська рада', '6520687100', 2),
	(175, 'с. Тягинка', '6520687101', 2),
	(176, 'Урожайненська сільська рада', '6520687300', 2),
	(177, 'с. Урожайне', '6520687301', 2),
	(178, 'Червономаяцька сільська рада', '6520688200', 2),
	(179, 'с. Червоний Маяк', '6520688201', 2),
	(180, 'с. Крупиця', '6520688202', 2),
	(181, 'с. Ударник', '6520688203', 2),
	(182, 'Шляхівська сільська рада', '6520688400', 2),
	(183, 'с-ще Шляхове', '6520688401', 2),
	(184, 'Великоолександрівська селищна рада', '6520955100', 20),
	(185, 'смт Велика Олександрівка', '6520955100', 20),
	(186, 'с. Твердомедове', '6520955102', 20),
	(187, 'Білокриницька селищна рада', '6520955400', 20),
	(188, 'смт Біла Криниця', '6520955400', 20),
	(189, 'с. Білоусове', '6520955401', 20),
	(190, 'с. Первомайське', '6520955403', 20),
	(191, 'Калінінська селищна рада', '6520955700', 20),
	(192, 'смт Калінінське', '6520955700', 20),
	(193, 'с. Зелений Гай', '6520955701', 20),
	(194, 'с. Краснолюбецьк', '6520955702', 20),
	(195, 'с. Новополтавка', '6520955703', 20),
	(196, 'Білоусівська сільська рада', '6520980300', 20),
	(197, 'с. Білоусове', '6520980301', 20),
	(198, 'с. Токареве', '6520980305', 20),
	(199, 'Благодатівська сільська рада', '6520980500', 20),
	(200, 'с. Благодатівка', '6520980501', 20),
	(201, 'с. Андріївка', '6520980502', 20),
	(202, 'с. Лозове', '6520980503', 20),
	(203, 'с. Мала Сейдеминуха', '6520980504', 20),
	(204, 'с. Новогреднєве', '6520980505', 20),
	(205, 'с. Сухий Ставок', '6520980506', 20),
	(206, 'Бобровокутська сільська рада', '6520980700', 20),
	(207, 'с. Бобровий Кут', '6520980701', 20),
	(208, 'с. Заповіт', '6520980702', 20),
	(209, 'Борозенська сільська рада', '6520981000', 20),
	(210, 'с. Борозенське', '6520981001', 20),
	(211, 'с. Кучерське', '6520981002', 20),
	(212, 'с. П\'ятихатки', '6520981003', 20),
	(213, 'с. Садок', '6520981004', 20),
	(214, 'Брускинська сільська рада', '6520981500', 20),
	(215, 'с. Брускинське', '6520981501', 20),
	(216, 'с. Безводнє', '6520981502', 20),
	(217, 'с. Іщенка', '6520981503', 20),
	(218, 'с. Костромка', '6520981504', 20),
	(219, 'Давидово-Брідська сільська рада', '6520982000', 20),
	(220, 'с. Давидів Брід', '6520982001', 20),
	(221, 'с. Білогірка', '6520982002', 20),
	(222, 'с. Запоріжжя', '6520982003', 20),
	(223, 'Малоолександрівська сільська рада', '6520982500', 20),
	(224, 'с. Мала Олександрівка', '6520982501', 20),
	(225, 'Новодмитрівська сільська рада', '6520983000', 20),
	(226, 'с. Новодмитрівка', '6520983001', 20),
	(227, 'Новокалузька сільська рада', '6520983300', 20),
	(228, 'с. Нова Калуга', '6520983301', 20),
	(229, 'с. Веселе', '6520983302', 20),
	(230, 'с. Нова Калуга Друга', '6520983303', 20),
	(231, 'с. Червона Людмилівка', '6520983304', 20),
	(232, 'Новокам\'янська сільська рада', '6520983500', 20),
	(233, 'с. Нова Кам\'янка', '6520983501', 20),
	(234, 'с. Новогригорівка', '6520983503', 20),
	(235, 'Новокубанська сільська рада', '6520983700', 20),
	(236, 'с. Нова Кубань', '6520983701', 20),
	(237, 'с. Стариця', '6520983703', 20),
	(238, 'Новопавлівська сільська рада', '6520984000', 20),
	(239, 'с. Новопавлівка', '6520984001', 20),
	(240, 'с. Буцівське', '6520984002', 20),
	(241, 'Старосільська сільська рада', '6520984300', 20),
	(242, 'с. Старосілля', '6520984301', 20),
	(243, 'с. Довгове', '6520984303', 20),
	(244, 'с. Кам\'яне', '6520984305', 20),
	(245, 'с. Шостакове', '6520984309', 20),
	(246, 'Трифонівська сільська рада', '6520984500', 20),
	(247, 'с. Трифонівка', '6520984501', 20),
	(248, 'с. Нововасилівка', '6520984503', 20),
	(249, 'Чарівненська сільська рада', '6520984800', 20),
	(250, 'с. Чарівне', '6520984801', 20),
	(251, 'с. Дмитренко', '6520984802', 20),
	(252, 'с. Костомарове', '6520984803', 20),
	(253, 'с. Красносільське', '6520984804', 20),
	(254, 'Чкаловська сільська рада', '6520985000', 20),
	(255, 'с. Чкалове', '6520985001', 20),
	(256, 'с. Вишневе', '6520985002', 20),
	(257, 'с. Карло-Марксівське', '6520985003', 20),
	(258, 'с. Криничанка', '6520985004', 20),
	(259, 'с. Степове', '6520985005', 20),
	(260, 'Кар’єрненська селищна рада', '6520956000', 20),
	(261, 'смт Кар\'єрне', '6520956000', 20),
	(262, 'Великолепетиська селищна рада', '6521255100', 19),
	(263, 'смт Велика Лепетиха', '6521255100', 19),
	(264, 'Демидівська сільська рада', '6521280500', 19),
	(265, 'с. Демидівка', '6521280501', 19),
	(266, 'с. Запоріжжя', '6521280502', 19),
	(267, 'Катеринівська сільська рада', '6521281100', 19),
	(268, 'с. Катеринівка', '6521281101', 19),
	(269, 'с. Костянтинівка', '6521281102', 19),
	(270, 'Князе-Григорівська сільська рада', '6521282200', 19),
	(271, 'с. Князе-Григорівка', '6521282201', 19),
	(272, 'с. Середнє', '6521282202', 19),
	(273, 'Малолепетиська сільська рада', '6521283300', 19),
	(274, 'с. Мала Лепетиха', '6521283301', 19),
	(275, 'с. Дмитрівка', '6521283302', 19),
	(276, 'с. Сергіївка', '6521283303', 19),
	(277, 'Миколаївська сільська рада', '6521284400', 19),
	(278, 'с. Миколаївка', '6521284401', 19),
	(279, 'Рубанівська сільська рада', '6521285500', 19),
	(280, 'с. Рубанівка', '6521285501', 19),
	(281, 'с. Веселе', '6521285502', 19),
	(282, 'Верхньорогачицька селищна рада', '6521555100', 21),
	(283, 'смт Верхній Рогачик', '6521555100', 21),
	(284, 'с. Вишневе', '6521555101', 21),
	(285, 'с. Зоря', '6521555102', 21),
	(286, 'с. Леніне', '6521555103', 21),
	(287, 'с. Трудовик', '6521555104', 21),
	(288, 'Бережанська сільська рада', '6521580600', 21),
	(289, 'с. Бережанка', '6521580601', 21),
	(290, 'с. Георгіївка', '6521580602', 21),
	(291, 'с. Михайлівка', '6521580603', 21),
	(292, 'с. Новознам\'янка', '6521580604', 21),
	(293, 'Зеленівська сільська рада', '6521581100', 21),
	(294, 'с. Зелене', '6521581101', 21),
	(295, 'Первомаївська сільська рада', '6521583300', 21),
	(296, 'с. Первомаївка', '6521583301', 21),
	(297, 'с. Пролетарій', '6521583304', 21),
	(298, 'Самійлівська сільська рада', '6521584400', 21),
	(299, 'с. Самійлівка', '6521584401', 21),
	(300, 'с. Лисиче', '6521584402', 21),
	(301, 'с. Павлівка', '6521584403', 21),
	(302, 'Ушкальська сільська рада', '6521585500', 21),
	(303, 'с. Ушкалка', '6521585501', 21),
	(304, 'с. Бабине', '6521585502', 21),
	(305, 'с. Нижній Рогачик', '6521585503', 21),
	(306, 'Чистопільська сільська рада', '6521586000', 21),
	(307, 'с. Чистопілля', '6521586001', 21),
	(308, 'с. Кожум\'яки', '6521586003', 21),
	(309, 'с. Олексіївка', '6521586005', 21),
	(310, 'Високопільська селищна рада', '6521855100', 22),
	(311, 'смт Високопілля', '6521855100', 22),
	(312, 'с. Князівка', '6521855101', 22),
	(313, 'с. Потьомкине', '6521855102', 22),
	(314, 'с. Тополине', '6521855103', 22),
	(315, 'Архангельська селищна рада', '6521855200', 22),
	(316, 'смт Архангельське', '6521855200', 22),
	(317, 'с. Блакитне', '6521855201', 22),
	(318, 'Заградівська сільська рада', '6521880700', 22),
	(319, 'с. Заградівка', '6521880701', 22),
	(320, 'Зарічненська сільська рада', '6521880800', 22),
	(321, 'с. Зарічне', '6521880801', 22),
	(322, 'с. Благодатне', '6521880802', 22),
	(323, 'с. Мар\'їне', '6521880803', 22),
	(324, 'Іванівська сільська рада', '6521881000', 22),
	(325, 'с. Іванівка', '6521881001', 22),
	(326, 'с. Миколаївка', '6521881002', 22),
	(327, 'Кочубеївська сільська рада', '6521881500', 22),
	(328, 'с. Кочубеївка', '6521881501', 22),
	(329, 'с. Лугівка', '6521881502', 22),
	(330, 'с. Микільське', '6521881503', 22),
	(331, 'с. Світлівка', '6521881504', 22),
	(332, 'Малошестернянська сільська рада', '6521882000', 22),
	(333, 'с. Мала Шестерня', '6521882001', 22),
	(334, 'с. Новогригорівське', '6521882002', 22),
	(335, 'с. Федорівка', '6521882003', 22),
	(336, 'Нововознесенська сільська рада', '6521882500', 22),
	(337, 'с. Нововознесенське', '6521882501', 22),
	(338, 'с. Вереміївка', '6521882502', 22),
	(339, 'с. Добрянка', '6521882503', 22),
	(340, 'с. Костирка', '6521882504', 22),
	(341, 'Новомиколаївська сільська рада', '6521883000', 22),
	(342, 'с. Новомиколаївка', '6521883001', 22),
	(343, 'с. Червоноармійське', '6521883003', 22),
	(344, 'Новопетрівська сільська рада', '6521883500', 22),
	(345, 'с. Новопетрівка', '6521883501', 22),
	(346, 'с. Ольгине', '6521883502', 22),
	(347, 'Орлівська сільська рада', '6521884000', 22),
	(348, 'с. Орлове', '6521884001', 22),
	(349, 'с. Наталине', '6521884002', 22),
	(350, 'с. Новобратське', '6521884003', 22),
	(351, 'с. Петрівське', '6521884004', 22),
	(352, 'с. Рівнопілля', '6521884005', 22),
	(353, 'с. Софіївка', '6521884006', 22),
	(354, 'Пригір\'ївська сільська рада', '6521884500', 22),
	(355, 'с. Пригір\'я', '6521884501', 22),
	(356, 'с. Кам\'янка', '6521884502', 22),
	(357, 'с. Краснівка', '6521884503', 22),
	(358, 'с. Розівка', '6521884504', 22),
	(359, 'с. Свободне', '6521884505', 22),
	(360, 'Генічеська міська рада', '6522110100', 6),
	(361, 'м. Генічеськ', '6522110100', 6),
	(362, 'Новоолексіївська сільська рада', '6522155400', 6),
	(363, 'смт Новоолексіївка', '6522155400', 6),
	(364, 'Партизанська селищна рада', '6522155700', 6),
	(365, 'смт Партизани', '6522155700', 6),
	(366, 'с. Гайове', '6522155701', 6),
	(367, 'с. Догмарівка', '6522155702', 6),
	(368, 'с. Москаленко', '6522155703', 6),
	(369, 'Плавська сільська рада', '6522180400', 6),
	(370, 'с. Плавське', '6522180401', 6),
	(371, 'с. Вільне', '6522180402', 6),
	(372, 'с. Новий Світ', '6522180404', 6),
	(373, 'с. Роздолля', '6522180405', 6),
	(374, 'с. Якимівське', '6522180407', 6),
	(375, 'Новогригорівська сільська рада', '6522181000', 6),
	(376, 'с. Новогригорівка', '6522181001', 6),
	(377, 'с. Зелений Гай', '6522181002', 6),
	(378, 'с. Рози Люксембург', '6522181003', 6),
	(379, 'Новодмитрівська сільська рада', '6522181500', 6),
	(380, 'с. Новодмитрівка', '6522181501', 6),
	(381, 'с. Веснянка', '6522181502', 6),
	(382, 'с. Люблінка', '6522181503', 6),
	(383, 'Новоіванівська сільська рада', '6522182000', 6),
	(384, 'с. Новоіванівка', '6522182001', 6),
	(385, 'с. Пробудження', '6522182004', 6),
	(386, 'Озерянська сільська рада', '6522182500', 6),
	(387, 'с. Озеряни', '6522182501', 6),
	(388, 'с. Комісарівка', '6522182502', 6),
	(389, 'с. Новий Азов', '6522182503', 6),
	(390, 'с. Перекоп', '6522182504', 6),
	(391, 'с. Пчілка', '6522182505', 6),
	(392, 'Павлівська сільська рада', '6522183000', 6),
	(393, 'с. Павлівка', '6522183001', 6),
	(394, 'Петрівська сільська рада', '6522183500', 6),
	(395, 'с. Петрівка', '6522183501', 6),
	(396, 'Привільненська сільська рада', '6522183700', 6),
	(397, 'с. Привільне', '6522183701', 6),
	(398, 'с. Велетнівка', '6522183702', 6),
	(399, 'с. Октябрське', '6522183703', 6),
	(400, 'с. Радянське', '6522183704', 6),
	(401, 'Рівненська сільська рада', '6522184000', 6),
	(402, 'с. Рівне', '6522184001', 6),
	(403, 'с. Вікторівка', '6522184002', 6),
	(404, 'с. Володимирівка', '6522184003', 6),
	(405, 'с. Запорожець', '6522184004', 6),
	(406, 'с. Комунарське', '6522184005', 6),
	(407, 'с. Малинівка', '6522184006', 6),
	(408, 'с. Муравейник', '6522184008', 6),
	(409, 'с. Новий Мир', '6522184009', 6),
	(410, 'с. Сергіївка', '6522184010', 6),
	(411, 'с. Шлях Незаможника', '6522184012', 6),
	(412, 'Сокологірненська сільська рада', '6522184500', 6),
	(413, 'с. Сокологірне', '6522184501', 6),
	(414, 'с. Виноградний Клин', '6522184504', 6),
	(415, 'с. Макшіївка', '6522184505', 6),
	(416, 'с. Новоєфремівка', '6522184506', 6),
	(417, 'Стокопанівська сільська рада', '6522185000', 6),
	(418, 'с. Стокопані', '6522185001', 6),
	(419, 'с. Дрогоманівка', '6522185002', 6),
	(420, 'с. Нова Праця', '6522185004', 6),
	(421, 'Стрілківська сільська рада', '6522185200', 6),
	(422, 'с. Стрілкове', '6522185201', 6),
	(423, 'Щасливцевська сільська рада', '6522186500', 6),
	(424, 'с. Щасливцеве', '6522186501', 6),
	(425, 'с. Генічеська Гірка', '6522186502', 6),
	(426, 'с-ще Приозерне', '6522186503', 6),
	(427, 'Фрунзенська сільська рада', '6522187000', 6),
	(428, 'с. Фрунзе', '6522187001', 6),
	(429, 'с. Придорожнє', '6522187002', 6),
	(430, 'Червонопрапорна сільська рада', '6522187500', 6),
	(431, 'с. Червонопрапорне', '6522187501', 6),
	(432, 'с. Сальково', '6522187503', 6),
	(433, 'с. Семихатки', '6522187504', 6),
	(434, 'с. Ясна Поляна', '6522187505', 6),
	(435, 'Чонгарська сільська рада', '6522188000', 6),
	(436, 'с. Чонгар', '6522188001', 6),
	(437, 'с. Атамань', '6522188002', 6),
	(438, 'с-ще Залізничне', '6522188003', 6),
	(439, 'с. Миколаївка', '6522188005', 6),
	(440, 'с. Новий Труд', '6522188006', 6),
	(441, 'с. Попівка', '6522188007', 6),
	(442, 'с. Сиваш', '6522188008', 6),
	(443, 'с. Чернігівка', '6522188009', 6),
	(444, 'Щорсівська сільська рада', '6522188500', 6),
	(445, 'с. Щорсівка', '6522188501', 6),
	(446, 'с. Бойове', '6522188502', 6),
	(447, 'с. Ярошок', '6522188503', 6),
	(448, 'Голопристанська міська рада', '6522310100', 7),
	(449, 'м. Гола Пристань', '6522310100', 7),
	(450, 'с. Білогрудове', '6522310101', 7),
	(451, 'Олексіївська сільська рада', '6522380200', 7),
	(452, 'с. Олексіївка', '6522380201', 7),
	(453, 'Бехтерська сільська рада', '6522380500', 7),
	(454, 'с. Бехтери', '6522380501', 7),
	(455, 'с. Новочорномор\'я', '6522380502', 7),
	(456, 'Великокардашинська сільська рада', '6522381000', 7),
	(457, 'с. Велика Кардашинка', '6522381001', 7),
	(458, 'с. Кардашинка', '6522381002', 7),
	(459, 'с. Кохани', '6522381003', 7),
	(460, 'с. Мала Кардашинка', '6522381004', 7),
	(461, 'Геройська сільська рада', '6522381500', 7),
	(462, 'с. Геройське', '6522381501', 7),
	(463, 'Гладківська сільська рада', '6522382000', 7),
	(464, 'с. Гладківка', '6522382001', 7),
	(465, 'с. Рідна Україна', '6522382003', 7),
	(466, 'Добропільська сільська рада', '6522382500', 7),
	(467, 'с. Добропілля', '6522382501', 7),
	(468, 'с-ще Жовтневе', '6522382502', 7),
	(469, 'с. Київка', '6522382503', 7),
	(470, 'с-ще Новоселівка', '6522382504', 7),
	(471, 'Долматівська сільська рада', '6522383000', 7),
	(472, 'с. Долматівка', '6522383001', 7),
	(473, 'Збур\'ївська сільська рада', '6522383200', 7),
	(474, 'с. Збур\'ївка', '6522383201', 7),
	(475, 'с. Берегове', '6522383202', 7),
	(476, 'с. Комуна', '6522383203', 7),
	(477, 'с. Облої', '6522383204', 7),
	(478, 'Краснознам\'янська сільська рада', '6522383400', 7),
	(479, 'с. Краснознам\'янка', '6522383401', 7),
	(480, 'с. Вільна Україна', '6522383402', 7),
	(481, 'с. Очаківське', '6522383403', 7),
	(482, 'Круглоозерська сільська рада', '6522383500', 7),
	(483, 'с. Круглоозерка', '6522383501', 7),
	(484, 'с. Більшовик', '6522383502', 7),
	(485, 'Малокопанівська сільська рада', '6522383800', 7),
	(486, 'с. Малі Копані', '6522383801', 7),
	(487, 'с. Буркути', '6522383802', 7),
	(488, 'Нововолодимирівська сільська рада', '6522383900', 7),
	(489, 'с. Нововолодимирівка', '6522383901', 7),
	(490, 'с. Зеленотропинське', '6522383902', 7),
	(491, 'с. Сліпушинське', '6522383903', 7),
	(492, 'Новозбур\'ївська сільська рада', '6522384000', 7),
	(493, 'с. Нова Збур\'ївка', '6522384001', 7),
	(494, 'Новософіївська сільська рада', '6522384200', 7),
	(495, 'с. Новософіївка', '6522384201', 7),
	(496, 'с. Калинівка', '6522384202', 7),
	(497, 'с. Петрівка', '6522384203', 7),
	(498, 'Новофедорівська сільська рада', '6522384300', 7),
	(499, 'с. Новофедорівка', '6522384301', 7),
	(500, 'с. Залізний Порт', '6522384302', 7),
	(501, 'Рибальчеська сільська рада', '6522384500', 7),
	(502, 'с. Рибальче', '6522384501', 7),
	(503, 'с-ще Виноградне', '6522384502', 7),
	(504, 'с. Забарине', '6522384503', 7),
	(505, 'Садівська сільська рада', '6522385000', 7),
	(506, 'с-ще Садове', '6522385001', 7),
	(507, 'с. Вільна Дружинка', '6522385002', 7),
	(508, 'с. Іванівка', '6522385003', 7),
	(509, 'с. Індустріальне', '6522385004', 7),
	(510, 'с. Пам\'ятне', '6522385005', 7),
	(511, 'Старозбур\'ївська сільська рада', '6522385300', 7),
	(512, 'с. Стара Збур\'ївка', '6522385301', 7),
	(513, 'Таврійська сільська рада', '6522385400', 7),
	(514, 'с. Таврійське', '6522385401', 7),
	(515, 'с. Великий Клин', '6522385403', 7),
	(516, 'Чорноморська сільська рада', '6522385500', 7),
	(517, 'с-ще Чорноморське', '6522385501', 7),
	(518, 'с. Лиманівка', '6522385502', 7),
	(519, 'с. Суворовка', '6522385503', 7),
	(520, 'с. Чорноморські Криниці', '6522385504', 7),
	(521, 'Чулаківська сільська рада', '6522386000', 7),
	(522, 'с. Чулаківка', '6522386001', 7),
	(523, 'Горностаївська селищна рада', '6522655100', 8),
	(524, 'смт Горностаївка', '6522655100', 8),
	(525, 'с. Зелений Під', '6522655101', 8),
	(526, 'Антонівська сільська рада', '6522680300', 8),
	(527, 'с. Антонівка', '6522680301', 8),
	(528, 'с. Зірка', '6522680303', 8),
	(529, 'Великоблаговіщенська сільська рада', '6522680500', 8),
	(530, 'с. Велика Благовіщенка', '6522680501', 8),
	(531, 'с. Василівка', '6522680502', 8),
	(532, 'с. Новоєлизаветівка', '6522680503', 8),
	(533, 'Дубівська сільська рада', '6522681000', 8),
	(534, 'с. Дубівка', '6522681001', 8),
	(535, 'с. Запорізьке', '6522681002', 8),
	(536, 'Заводівська сільська рада', '6522681500', 8),
	(537, 'с. Заводівка', '6522681501', 8),
	(538, 'Козаче-Лагерська сільська рада', '6522682000', 8),
	(539, 'с. Козачі Лагері', '6522682001', 8),
	(540, 'с. Нові Олешки', '6522682002', 8),
	(541, 'Каїрська сільська рада', '6522682500', 8),
	(542, 'с. Каїри', '6522682501', 8),
	(543, 'Костянтинівська сільська рада', '6522683000', 8),
	(544, 'с. Костянтинівка', '6522683001', 8),
	(545, 'с. Братолюбівка', '6522683002', 8),
	(546, 'с. Миколаївка', '6522683003', 8),
	(547, 'Маринська сільська рада', '6522683300', 8),
	(548, 'с. Маринське', '6522683301', 8),
	(549, 'с. Червоноармійське', '6522683303', 8),
	(550, 'Ольгинська сільська рада', '6522683500', 8),
	(551, 'с. Ольгине', '6522683501', 8),
	(552, 'с. Кочубеївка', '6522683502', 8),
	(553, 'Славненська сільська рада', '6522684000', 8),
	(554, 'с. Славне', '6522684001', 8),
	(555, 'с. Нова Благовіщенка', '6522684003', 8),
	(556, 'с. Софіївка', '6522684004', 8),
	(557, 'Червоноблагодатненська сільська рада', '6522684500', 8),
	(558, 'с. Червоноблагодатне', '6522684501', 8),
	(559, 'с. Красне', '6522684502', 8),
	(560, 'с. Лопатки', '6522684503', 8),
	(561, 'с. Ясна Поляна', '6522684504', 8),
	(562, 'Червонополянська сільська рада', '6522685000', 8),
	(563, 'с. Червона Поляна', '6522685001', 8),
	(564, 'с. Старолук\'янівка', '6522685004', 8),
	(565, 'Іванівська селищна рада', '6522955100', 9),
	(566, 'смт Іванівка', '6522955100', 9),
	(567, 'Балашівська сільська рада', '6522980500', 9),
	(568, 'с. Балашове', '6522980501', 9),
	(569, 'с. Квіткове', '6522980503', 9),
	(570, 'Благодатненська сільська рада', '6522981000', 9),
	(571, 'с. Благодатне', '6522981001', 9),
	(572, 'с. Тимофіївка', '6522981002', 9),
	(573, 'Воскресенська сільська рада', '6522981200', 9),
	(574, 'с. Воскресенка', '6522981201', 9),
	(575, 'с. Михайлівка', '6522981202', 9),
	(576, 'Дружбівська сільська рада', '6522981500', 9),
	(577, 'с. Дружбівка', '6522981501', 9),
	(578, 'Любимівська сільська рада', '6522982400', 9),
	(579, 'с. Любимівка', '6522982401', 9),
	(580, 'Нововасилівська сільська рада', '6522983000', 9),
	(581, 'с. Нововасилівка', '6522983001', 9),
	(582, 'Новодмитрівська сільська рада', '6522983600', 9),
	(583, 'с. Новодмитрівка-Друга', '6522983601', 9),
	(584, 'с. Дмитрівка', '6522983602', 9),
	(585, 'с-ще Новознаменка', '6522983603', 9),
	(586, 'с-ще Федорівка', '6522983604', 9),
	(587, 'Новомиколаївська сільська рада', '6522983800', 9),
	(588, 'с. Новомиколаївка', '6522983801', 9),
	(589, 'с. Широка Балка', '6522983802', 9),
	(590, 'Новосеменівська сільська рада', '6522984000', 9),
	(591, 'с. Новосеменівка', '6522984001', 9),
	(592, 'с. Мартівка', '6522984002', 9),
	(593, 'Першотравнева сільська рада', '6522984800', 9),
	(594, 'с. Першотравневе', '6522984801', 9),
	(595, 'Трохимівська сільська рада', '6522985900', 9),
	(596, 'с. Трохимівка', '6522985901', 9),
	(597, 'с. Захарівка', '6522985902', 9),
	(598, 'с. Кірове', '6522985903', 9),
	(599, 'с. Новодмитрівка Перша', '6522985904', 9),
	(600, 'Українська сільська рада', '6522986500', 9),
	(601, 'с. Українське', '6522986501', 9),
	(602, 'с. Червоний Прапор', '6522986502', 9),
	(603, 'Фрунзенська сільська рада', '6522987000', 9),
	(604, 'с. Фрунзе', '6522987001', 9),
	(605, 'Шотівська сільська рада', '6522987400', 9),
	(606, 'с. Шотівка', '6522987401', 9),
	(607, 'с-ще Веселівка', '6522987402', 9),
	(608, 'Каланчацька селищна рада', '6523255100', 11),
	(609, 'смт Каланчак', '6523255100', 11),
	(610, 'Мирненська селищна рада', '6523255400', 11),
	(611, 'смт Мирне', '6523255400', 11),
	(612, 'Олександрівська сільська рада', '6523281100', 11),
	(613, 'с. Олександрівка', '6523281101', 11),
	(614, 'Олексіївська сільська рада', '6523281300', 11),
	(615, 'с. Олексіївка', '6523281301', 11),
	(616, 'с. Приморське', '6523281303', 11),
	(617, 'Гаврилівська сільська рада', '6523282200', 11),
	(618, 'с. Гаврилівка Друга', '6523282201', 11),
	(619, 'с. Бабенківка Перша', '6523282202', 11),
	(620, 'Новоолександрівська сільська рада', '6523283100', 11),
	(621, 'с. Новоолександрівка', '6523283101', 11),
	(622, 'Новокиївська сільська рада', '6523283300', 11),
	(623, 'с. Новокиївка', '6523283301', 11),
	(624, 'Новопавлівська сільська рада', '6523283400', 11),
	(625, 'с. Новопавлівка', '6523283401', 11),
	(626, 'Привільська сільська рада', '6523284400', 11),
	(627, 'с. Привілля', '6523284401', 11),
	(628, 'с. Бабенківка Друга', '6523284402', 11),
	(629, 'с. Вербове', '6523284403', 11),
	(630, 'с. Максима Горького', '6523284404', 11),
	(631, 'Роздольненська сільська рада', '6523285500', 11),
	(632, 'с-ще Роздольне', '6523285501', 11),
	(633, 'Хорлівська сільська рада', '6523286600', 11),
	(634, 'с. Хорли', '6523286601', 11),
	(635, 'Червоночабанська сільська рада', '6523287700', 11),
	(636, 'с. Червоний Чабан', '6523287701', 11),
	(637, 'с. Каїрка', '6523287702', 11),
	(638, 'с. Макарівка', '6523287703', 11),
	(639, 'с. Пам\'ятник', '6523287704', 11),
	(640, 'с. Польове', '6523287705', 11),
	(641, 'с. Ставки', '6523287706', 11),
	(642, 'Каховська міська рада', '6510400000', 13),
	(643, 'м. Каховка', '6510400000', 13),
	(644, 'Василівська сільська рада', '6523580500', 13),
	(645, 'с. Василівка', '6523580501', 13),
	(646, 'с. Комишанка', '6523580502', 13),
	(647, 'с. Лук\'янівка', '6523580503', 13),
	(648, 'с. Софіївка', '6523580504', 13),
	(649, 'Волинська сільська рада', '6523580700', 13),
	(650, 'с. Волинське', '6523580701', 13),
	(651, 'с. Остапенко', '6523580702', 13),
	(652, 'Дмитрівська сільська рада', '6523581000', 13),
	(653, 'с. Дмитрівка', '6523581001', 13),
	(654, 'с. Діброва', '6523581002', 13),
	(655, 'Дудчинська сільська рада', '6523581500', 13),
	(656, 'с. Дудчине', '6523581501', 13),
	(657, 'с. Любимо-Мар\'ївка', '6523581502', 13),
	(658, 'с. Любимо-Павлівка', '6523581503', 13),
	(659, 'Заозерненська сільська рада', '6523581800', 13),
	(660, 'с. Заозерне', '6523581801', 13),
	(661, 'с. Ольгівка', '6523581802', 13),
	(662, 'Кам\'янська сільська рада', '6523582000', 13),
	(663, 'с. Кам\'янка', '6523582001', 13),
	(664, 'с. Сергіївка', '6523582003', 13),
	(665, 'с. Цукури', '6523582004', 13),
	(666, 'с. Червоне Поділля', '6523582005', 13),
	(667, 'Коробківська сільська рада', '6523582500', 13),
	(668, 'с. Коробки', '6523582501', 13),
	(669, 'Костогризівська сільська рада', '6523582700', 13),
	(670, 'с. Костогризове', '6523582701', 13),
	(671, 'с. Богданівка', '6523582703', 13),
	(672, 'с. Наталівка', '6523582705', 13),
	(673, 'Любимівська селищна рада', '6523555100', 13),
	(674, 'смт Любимівка', '6523555100', 13),
	(675, 'с-ще Завітне', '6523555102', 13),
	(676, 'Малокаховська сільська рада', '6523583500', 13),
	(677, 'с. Малокаховка', '6523583501', 13),
	(678, 'Новокам\'янська сільська рада', '6523583600', 13),
	(679, 'с. Новокам\'янка', '6523583601', 13),
	(680, 'Роздольненська сільська рада', '6523583800', 13),
	(681, 'с. Роздольне', '6523583801', 13),
	(682, 'Розо-Люксембурзька сільська рада', '6523584000', 13),
	(683, 'с. Федорівка', '6523584001', 13),
	(684, 'с. Слиненко', '6523584002', 13),
	(685, 'с. Сокирки', '6523584003', 13),
	(686, 'Семенівська сільська рада', '6523584500', 13),
	(687, 'с. Семенівка', '6523584501', 13),
	(688, 'Слобідська сільська рада', '6523584700', 13),
	(689, 'с. Архангельська Слобода', '6523584701', 13),
	(690, 'с. Вільна Україна', '6523584702', 13),
	(691, 'Тавричанська сільська рада', '6523585000', 13),
	(692, 'с. Тавричанка', '6523585001', 13),
	(693, 'с. Мар\'янівка', '6523585002', 13),
	(694, 'с. Скворцівка', '6523585003', 13),
	(695, 'с. Солідарне', '6523585004', 13),
	(696, 'Червоноперекопська сільська рада', '6523585500', 13),
	(697, 'с. Червоний Перекоп', '6523585501', 13),
	(698, 'с. Зелена Рубанівка', '6523585502', 13),
	(699, 'с. Калинівка', '6523585503', 13),
	(700, 'с. Петропавлівка', '6523585504', 13),
	(701, 'с. Подівка', '6523585505', 13),
	(702, 'с. Просторне', '6523585506', 13),
	(703, 'Чорнянська сільська рада', '6523586000', 13),
	(704, 'с. Чорнянка', '6523586001', 13),
	(705, 'Чорноморівська сільська рада', '6523586500', 13),
	(706, 'с. Чорноморівка', '6523586501', 13),
	(707, 'Нижньосірогозька селищна рада', '6523855100', 17),
	(708, 'смт Нижні Сірогози', '6523855100', 17),
	(709, 'Анатолівська сільська рада', '6523880200', 17),
	(710, 'с. Анатолівка', '6523880201', 17),
	(711, 'с. Догмарівка', '6523880202', 17),
	(712, 'Братська сільська рада', '6523880400', 17),
	(713, 'с. Братське', '6523880401', 17),
	(714, 'с. Заповітне', '6523880402', 17),
	(715, 'Вербівська сільська рада', '6523880500', 17),
	(716, 'с. Верби', '6523880501', 17),
	(717, 'с. Зернове', '6523880502', 17),
	(718, 'с. Комсомольське', '6523880503', 17),
	(719, 'с. Партизани', '6523880504', 17),
	(720, 'с. Чеховка', '6523880505', 17),
	(721, 'Верхньосірогозька сільська рада', '6523881000', 17),
	(722, 'с. Верхні Сірогози', '6523881001', 17),
	(723, 'Верхньоторгаївська сільська рада', '6523881500', 17),
	(724, 'с. Верхні Торгаї', '6523881501', 17),
	(725, 'Вільненська сільська рада', '6523882000', 17),
	(726, 'с. Вільне', '6523882001', 17),
	(727, 'с. Змагання', '6523882002', 17),
	(728, 'с. Новорогачинське', '6523882003', 17),
	(729, 'Дем\'янівська сільська рада', '6523882500', 17),
	(730, 'с. Дем\'янівка', '6523882501', 17),
	(731, 'Нижньоторгаївська сільська рада', '6523883000', 17),
	(732, 'с. Нижні Торгаї', '6523883001', 17),
	(733, 'Новоолександрівська сільська рада', '6523883300', 17),
	(734, 'с. Новоолександрівка', '6523883301', 17),
	(735, 'Новопетрівська сільська рада', '6523883500', 17),
	(736, 'с. Новопетрівка', '6523883501', 17),
	(737, 'с. Косаківка', '6523883502', 17),
	(738, 'Першопокровська сільська рада', '6523884000', 17),
	(739, 'с. Першопокровка', '6523884001', 17),
	(740, 'с. Богданівка', '6523884002', 17),
	(741, 'Сірогозька сільська рада', '6523884300', 17),
	(742, 'с-ще Сірогози', '6523884301', 17),
	(743, 'Степненська сільська рада', '6523884500', 17),
	(744, 'с. Степне', '6523884501', 17),
	(745, 'с. Дальнє', '6523884503', 17),
	(746, 'Нововоронцовська селищна рада', '6524155100', 16),
	(747, 'смт Нововоронцовка', '6524155100', 16),
	(748, 'Біляївська сільська рада', '6524180500', 16),
	(749, 'с. Біляївка', '6524180501', 16),
	(750, 'с. Українка', '6524180502', 16),
	(751, 'Гаврилівська сільська рада', '6524181000', 16),
	(752, 'с. Гаврилівка', '6524181001', 16),
	(753, 'Дудчанська сільська рада', '6524181500', 16),
	(754, 'с. Дудчани', '6524181501', 16),
	(755, 'Золотобалківська сільська рада', '6524182000', 16),
	(756, 'с. Золота Балка', '6524182001', 16),
	(757, 'Хрещенівська сільська рада', '6524182500', 16),
	(758, 'с. Хрещенівка', '6524182501', 16),
	(759, 'с-ще Ленінське', '6524182502', 16),
	(760, 'с. Петрівка', '6524182503', 16),
	(761, 'с. Шевченківка', '6524182504', 16),
	(762, 'Любимівська сільська рада', '6524182800', 16),
	(763, 'с. Любимівка', '6524182801', 16),
	(764, 'Миролюбівська сільська рада', '6524183000', 16),
	(765, 'с. Миролюбівка', '6524183001', 16),
	(766, 'с. Трудолюбівка', '6524183002', 16),
	(767, 'Михайлівська сільська рада', '6524183500', 16),
	(768, 'с. Михайлівка', '6524183501', 16),
	(769, 'Новоолександрівська сільська рада', '6524183900', 16),
	(770, 'с. Новоолександрівка', '6524183901', 16),
	(771, 'Нововоскресенська сільська рада', '6524184000', 16),
	(772, 'с. Нововоскресенське', '6524184001', 16),
	(773, 'Осокорівська сільська рада', '6524184500', 16),
	(774, 'с. Осокорівка', '6524184501', 16),
	(775, 'Петропавлівська сільська рада', '6524185000', 16),
	(776, 'с. Петропавлівка', '6524185001', 16),
	(777, 'с. Майське', '6524185002', 16),
	(778, 'с. Червоне', '6524185003', 16),
	(779, 'Новотроїцька селищна рада', '6524455100', 15),
	(780, 'смт Новотроїцьке', '6524455100', 15),
	(781, 'с. Благовіщенка', '6524455101', 15),
	(782, 'с. Захарівка', '6524455103', 15),
	(783, 'Сиваська селищна рада', '6524455500', 15),
	(784, 'смт Сиваське', '6524455500', 15),
	(785, 'Олександрівська сільська рада', '6524480200', 15),
	(786, 'с. Олександрівка', '6524480201', 15),
	(787, 'с. Калинівка', '6524480202', 15),
	(788, 'Василівська сільська рада', '6524480400', 15),
	(789, 'с. Василівка', '6524480401', 15),
	(790, 'с. Дружелюбівка', '6524480402', 15),
	(791, 'Володимиро-Іллінська сільська рада', '6524480500', 15),
	(792, 'с. Володимиро-Іллінка', '6524480501', 15),
	(793, 'с. Катеринівка', '6524480502', 15),
	(794, 'с. Новорепівка', '6524480503', 15),
	(795, 'с. Новоукраїнка', '6524480504', 15),
	(796, 'с. Софіївка', '6524480505', 15),
	(797, 'Воскресенська сільська рада', '6524481000', 15),
	(798, 'с. Воскресенка', '6524481001', 15),
	(799, 'Горностаївська сільська рада', '6524481300', 15),
	(800, 'с. Горностаївка', '6524481301', 15),
	(801, 'Громівська сільська рада', '6524481500', 15),
	(802, 'с. Громівка', '6524481501', 15),
	(803, 'Дивненська сільська рада', '6524481700', 15),
	(804, 'с. Дивне', '6524481701', 15),
	(805, 'с. Лиходідівка', '6524481702', 15),
	(806, 'с. Попелак', '6524481703', 15),
	(807, 'с. Свиридонівка', '6524481704', 15),
	(808, 'Зеленівська сільська рада', '6524481800', 15),
	(809, 'с. Зелене', '6524481801', 15),
	(810, 'с. Перемога', '6524481802', 15),
	(811, 'Новомихайлівська сільська рада', '6524482000', 15),
	(812, 'с. Новомихайлівка', '6524482001', 15),
	(813, 'с. Водославка', '6524482002', 15),
	(814, 'с. Маячка', '6524482003', 15),
	(815, 'Новомиколаївська сільська рада', '6524482200', 15),
	(816, 'с. Новомиколаївка', '6524482201', 15),
	(817, 'Новопокровська сільська рада', '6524482500', 15),
	(818, 'с. Новопокровка', '6524482501', 15),
	(819, 'с. Ясна Поляна', '6524482503', 15),
	(820, 'Одрадівська сільська рада', '6524483000', 15),
	(821, 'с. Одрадівка', '6524483001', 15),
	(822, 'Подівська сільська рада', '6524483300', 15),
	(823, 'с. Подове', '6524483301', 15),
	(824, 'с. Качкарівка', '6524483302', 15),
	(825, 'Сергіївська сільська рада', '6524483800', 15),
	(826, 'с. Сергіївка', '6524483801', 15),
	(827, 'с. Вознесенка', '6524483802', 15),
	(828, 'Сивашівська сільська рада', '6524484000', 15),
	(829, 'с. Сивашівка', '6524484001', 15),
	(830, 'с. Заозерне', '6524484002', 15),
	(831, 'с. Овер\'янівка', '6524484003', 15),
	(832, 'с. Садове', '6524484004', 15),
	(833, 'Федорівська сільська рада', '6524484500', 15),
	(834, 'с. Федорівка', '6524484501', 15),
	(835, 'с. Кривий Ріг', '6524484504', 15),
	(836, 'с. Метрополь', '6524484505', 15),
	(837, 'Чкаловська сільська рада', '6524485000', 15),
	(838, 'с. Чкалове', '6524485001', 15),
	(839, 'с. Воскресенське', '6524485002', 15),
	(840, 'с. Двійне', '6524485003', 15),
	(841, 'с. Ковильне', '6524485004', 15),
	(842, 'Скадовська міська рада', '6524710100', 18),
	(843, 'м. Скадовськ', '6524710100', 18),
	(844, 'Лазурненська селищна рада', '6524755500', 18),
	(845, 'смт Лазурне', '6524755500', 18),
	(846, 'Антонівська сільська рада', '6524780300', 18),
	(847, 'с. Антонівка', '6524780301', 18),
	(848, 'с-ще Озерне', '6524780302', 18),
	(849, 'Володимирівська сільська рада', '6524780500', 18),
	(850, 'с. Володимирівка', '6524780501', 18),
	(851, 'с. Лиманське', '6524780502', 18),
	(852, 'с. Новоросійське', '6524780503', 18),
	(853, 'Красненська сільська рада', '6524781000', 18),
	(854, 'с. Красне', '6524781001', 18),
	(855, 'с-ще Степне', '6524781002', 18),
	(856, 'Михайлівська сільська рада', '6524781500', 18),
	(857, 'с. Михайлівка', '6524781501', 18),
	(858, 'с. Біленьке', '6524781502', 18),
	(859, 'с. Ленінське', '6524781503', 18),
	(860, 'с. Новосілка', '6524781504', 18),
	(861, 'с. Луч', '6524781505', 18),
	(862, 'с. Труд', '6524781506', 18),
	(863, 'Новомиколаївська сільська рада', '6524782500', 18),
	(864, 'с. Новомиколаївка', '6524782501', 18),
	(865, 'Приморська сільська рада', '6524783000', 18),
	(866, 'с. Приморське', '6524783001', 18),
	(867, 'Птахівська сільська рада', '6524783500', 18),
	(868, 'с. Птахівка', '6524783501', 18),
	(869, 'с. Малоолександрівка', '6524783504', 18),
	(870, 'с. Миколаівка', '6524783505', 18),
	(871, 'с. Хатки', '6524783506', 18),
	(872, 'Радгоспненська сільська рада', '6524784000', 18),
	(873, 'с-ще Радгоспне', '6524784001', 18),
	(874, 'с-ще Грушівка', '6524784002', 18),
	(875, 'с-ще Зелене', '6524784003', 18),
	(876, 'с-ще Комсомольське', '6524784004', 18),
	(877, 'с. Комунарівка', '6524784005', 18),
	(878, 'Таврійська сільська рада', '6524784300', 18),
	(879, 'с. Таврія', '6524784301', 18),
	(880, 'с-ще Вишневе', '6524784303', 18),
	(881, 'Тарасівська сільська рада', '6524784500', 18),
	(882, 'с. Тарасівка', '6524784501', 18),
	(883, 'с. Дарівка', '6524784502', 18),
	(884, 'с. Новоукраїнка', '6524784503', 18),
	(885, 'Улянівська сільська рада', '6524784700', 18),
	(886, 'с. Улянівка', '6524784701', 18),
	(887, 'с. Андріївка', '6524784702', 18),
	(888, 'Шевченківська сільська рада', '6524784900', 18),
	(889, 'с. Шевченко', '6524784901', 18),
	(890, 'с. Мала Андронівка', '6524784903', 18),
	(891, 'с. Петрівка', '6524784905', 18),
	(892, 'Широківська сільська рада', '6524785000', 18),
	(893, 'с. Широке', '6524785001', 18),
	(894, 'с. Велика Андронівка', '6524785002', 18),
	(895, 'с. Гостроподолянське', '6524785003', 18),
	(896, 'Цюрупинська міська рада', '6525010100', 5),
	(897, 'м. Цюрупинськ', '6525010100', 5),
	(898, 'с. Саги', '6525010101', 5),
	(899, 'с-ще Цюрупинське', '6525010103', 5),
	(900, 'Брилівська селищна рада', '6525055300', 5),
	(901, 'смт Брилівка', '6525055300', 5),
	(902, 'с. Мирне', '6525055304', 5),
	(903, 'Новомаячківська селищна рада', '6525055700', 5),
	(904, 'смт Нова Маячка', '6525055700', 5),
	(905, 'Абрикосівська сільська рада', '6525080200', 5),
	(906, 'с-ще Абрикосівка', '6525080201', 5),
	(907, 'Великокопанівська сільська рада', '6525080500', 5),
	(908, 'с. Великі Копані', '6525080501', 5),
	(909, 'с. Добросілля', '6525080502', 5),
	(910, 'Виноградівська сільська рада', '6525081000', 5),
	(911, 'с. Виноградове', '6525081001', 5),
	(912, 'Козачелагерська сільська рада', '6525081500', 5),
	(913, 'с. Козачі Лагері', '6525081501', 5),
	(914, 'с. Кринки', '6525081502', 5),
	(915, 'Костогризівська сільська рада', '6525082000', 5),
	(916, 'с. Костогризове', '6525082001', 5),
	(917, 'с. Поди', '6525082002', 5),
	(918, 'Подо-Калинівська сільська рада', '6525082500', 5),
	(919, 'с. Подо-Калинівка', '6525082501', 5),
	(920, 'с. Стара Маячка', '6525082502', 5),
	(921, 'Підстепненська сільська рада', '6525083000', 5),
	(922, 'с. Підстепне', '6525083001', 5),
	(923, 'с. Піщанівка', '6525083002', 5),
	(924, 'Раденська сільська рада', '6525083500', 5),
	(925, 'с. Раденськ', '6525083501', 5),
	(926, 'с. Пролетарка', '6525083502', 5),
	(927, 'Солонцівська сільська рада', '6525084000', 5),
	(928, 'с. Солонці', '6525084001', 5),
	(929, 'с-ще Підлісне', '6525084002', 5),
	(930, 'Тарасівська сільська рада', '6525085000', 5),
	(931, 'с. Тарасівка', '6525085001', 5),
	(932, 'с. Клини', '6525085002', 5),
	(933, 'с. Ленінка', '6525085003', 5),
	(934, 'с. Привітне', '6525085005', 5),
	(935, 'Щасливська сільська рада', '6525085600', 5),
	(936, 'с-ще Щасливе', '6525085601', 5),
	(937, 'с. Марченка', '6525085602', 5),
	(938, 'с. Привільне', '6525085603', 5),
	(939, 'Ювілейна сільська рада', '6525086000', 5),
	(940, 'с-ще Ювілейне', '6525086001', 5),
	(941, 'с. Дружне', '6525086002', 5),
	(942, 'Чаплинська селищна рада', '6525455100', 4),
	(943, 'смт Чаплинка', '6525455100', 4),
	(944, 'с. Нове', '6525455101', 4),
	(945, 'с. Червоний Яр', '6525455102', 4),
	(946, 'Асканія-Нова селищна рада', '6525455300', 4),
	(947, 'смт Асканія-Нова', '6525455300', 4),
	(948, 'с. Іллінка', '6525455301', 4),
	(949, 'с. Комиш', '6525455302', 4),
	(950, 'с. Молочне', '6525455303', 4),
	(951, 'с. Новий Етап', '6525455304', 4),
	(952, 'с. Питомник', '6525455307', 4),
	(953, 'Балтазарівська сільська рада', '6525480500', 4),
	(954, 'с. Балтазарівка', '6525480501', 4),
	(955, 'с. Морозівка', '6525480502', 4),
	(956, 'с. Рачівка', '6525480503', 4),
	(957, 'Григорівська сільська рада', '6525481000', 4),
	(958, 'с. Григорівка', '6525481001', 4),
	(959, 'Долинська сільська рада', '6525481100', 4),
	(960, 'с. Долинське', '6525481101', 4),
	(961, 'Іванівська сільська рада', '6525481300', 4),
	(962, 'с. Іванівка', '6525481301', 4),
	(963, 'Хрестівська сільська рада', '6525481500', 4),
	(964, 'с. Хрестівка', '6525481501', 4),
	(965, 'с. Світле', '6525481502', 4),
	(966, 'Кучерявоволодимирівська сільська рада', '6525482000', 4),
	(967, 'с. Кучерявоволодимирівка', '6525482001', 4),
	(968, 'с. Кудряве', '6525482003', 4),
	(969, 'Магдалинівська сільська рада', '6525482300', 4),
	(970, 'с. Магдалинівка', '6525482301', 4),
	(971, 'с. Андріївка', '6525482302', 4),
	(972, 'с. Чорна Долина', '6525482303', 4),
	(973, 'Надеждівська сільська рада', '6525482400', 4),
	(974, 'Новонаталівська сільська рада', '6525482500', 4),
	(975, 'с. Надеждівка', '6525482401', 4),
	(976, 'с. Новонаталівка', '6525482501', 4),
	(977, 'с. Наталівка', '6525482503', 4),
	(978, 'Маркеєвська сільська рада', '6525482600', 4),
	(979, 'с-ще Маркеєв', '6525482601', 4),
	(980, 'Павлівська сільська рада', '6525483000', 4),
	(981, 'с. Павлівка', '6525483001', 4),
	(982, 'с. Нововолодимирівка', '6525483002', 4),
	(983, 'Першокостянтинівська сільська рада', '6525483100', 4),
	(984, 'с. Першокостянтинівка', '6525483101', 4),
	(985, 'Преображенська сільська рада', '6525483500', 4),
	(986, 'с. Преображенка', '6525483501', 4),
	(987, 'с. Жовтневе', '6525483502', 4),
	(988, 'Скадовська сільська рада', '6525483800', 4),
	(989, 'с. Скадовка', '6525483801', 4),
	(990, 'с. Білоцерківка', '6525483802', 4),
	(991, 'Строганівська сільська рада', '6525484000', 4),
	(992, 'с. Строганівка', '6525484001', 4),
	(993, 'Хлібодарівська сільська рада', '6525484700', 4),
	(994, 'с. Хлібодарівка', '6525484701', 4),
	(995, 'с. Веселе Друге', '6525484702', 4),
	(996, 'Червонополянська сільська рада', '6525484900', 4),
	(997, 'с. Червона Поляна', '6525484901', 4),
	(998, 'с. Новий Гай', '6525484903', 4),
	(999, 'Шевченківська сільська рада', '6525485000', 4),
	(1000, 'с. Шевченко', '6525485001', 4),
	(1001, 'с. Маячинка', '6525485003', 4),
	(1002, 'с. Рогачинка', '6525485005', 4);
/*!40000 ALTER TABLE `area` ENABLE KEYS */;


-- Дамп структуры для таблица isgeo.domain
CREATE TABLE IF NOT EXISTS `domain` (
  `id` int(11) NOT NULL AUTO_INCREMENT,
  `name` varchar(255) NOT NULL,
  `koatu` varchar(255) DEFAULT NULL,
  PRIMARY KEY (`id`)
) ENGINE=InnoDB AUTO_INCREMENT=2 DEFAULT CHARSET=utf8;

-- Дамп данных таблицы isgeo.domain: ~2 rows (приблизительно)
/*!40000 ALTER TABLE `domain` DISABLE KEYS */;
REPLACE INTO `domain` (`id`, `name`, `koatu`) VALUES
	(0, 'Не известно', '0'),
	(1, 'Херсонська область', '65');
/*!40000 ALTER TABLE `domain` ENABLE KEYS */;


-- Дамп структуры для таблица isgeo.files
CREATE TABLE IF NOT EXISTS `files` (
  `id` int(11) NOT NULL AUTO_INCREMENT,
  `status` tinyint(1) DEFAULT '1',
  `type` tinyint(1) DEFAULT '1',
  `path` varchar(255) DEFAULT NULL,
  `date` int(11) DEFAULT NULL,
  `post_id` int(11) DEFAULT NULL,
  PRIMARY KEY (`id`),
  KEY `FK_files_files` (`post_id`)
) ENGINE=InnoDB AUTO_INCREMENT=64 DEFAULT CHARSET=utf8;

-- Дамп данных таблицы isgeo.files: ~6 rows (приблизительно)
/*!40000 ALTER TABLE `files` DISABLE KEYS */;
REPLACE INTO `files` (`id`, `status`, `type`, `path`, `date`, `post_id`) VALUES
	(57, 1, 1, '/uploads/2016/01/11/27168547/pack.rar', 1452511089, 34),
	(59, 1, 1, '/uploads/2016/01/22/04368981/pack.rar', 1453463867, 34),
	(60, 1, 1, '/uploads/2016/01/22/56349469/pack.rar', 1453472073, 35),
	(61, 1, 1, '/uploads/2016/01/22/61642877/pack.rar', 1453473036, 36),
	(62, 1, 1, '/uploads/2016/01/22/92185546/pack.rar', 1453473248, 37),
	(63, 1, 1, '/uploads/2016/02/02/91448693/pack.rar', 1454422895, 38);
/*!40000 ALTER TABLE `files` ENABLE KEYS */;


-- Дамп структуры для таблица isgeo.kadnum
CREATE TABLE IF NOT EXISTS `kadnum` (
  `id` int(11) NOT NULL AUTO_INCREMENT,
  `status` tinyint(4) DEFAULT '1',
  `kad0` varchar(10) DEFAULT NULL,
  `kad1` varchar(2) DEFAULT NULL,
  `kad2` varchar(3) DEFAULT NULL,
  `kad3` varchar(4) DEFAULT NULL,
  `date` int(11) DEFAULT NULL,
  `path` varchar(255) DEFAULT NULL,
  `title` varchar(255) DEFAULT NULL,
  `fio` varchar(255) DEFAULT NULL,
  `post_id` int(11) DEFAULT NULL,
  PRIMARY KEY (`id`)
) ENGINE=InnoDB AUTO_INCREMENT=47 DEFAULT CHARSET=utf8;

-- Дамп данных таблицы isgeo.kadnum: ~5 rows (приблизительно)
/*!40000 ALTER TABLE `kadnum` DISABLE KEYS */;
REPLACE INTO `kadnum` (`id`, `status`, `kad0`, `kad1`, `kad2`, `kad3`, `date`, `path`, `title`, `fio`, `post_id`) VALUES
	(42, 1, '6525081500', '09', '900', '0005', 1453543855, '/uploads/2016/01/11/27168547/6525081500091790005.xml', 'садове товариство "Сосновий бор" ділянка № 49', 'Петров Іван Данилович', 34),
	(43, 1, '6525081500', '09', '179', '0006', 1453543838, '/uploads/2016/01/22/15060018/6525081500091790005.xml', 'садове товариство "Сосновий бор" ділянка № 44', 'Іванов Іван Данилович', 35),
	(44, 1, '6525081500', '09', '190', '0007', 1453543858, '/uploads/2016/01/22/18352390/6525081500091790005.xml', 'садове товариство "Сосновий бор" ділянка № 9', 'Сидоров Іван Данилович', 36),
	(45, 1, '6525081500', '09', '129', '0008', 1453543862, '/uploads/2016/01/22/92185546/6525081500091790005.xml', 'садове товариство "Сосновий бор" ділянка № 493', 'Володін Іван Данилович', 37),
	(46, 1, '6525081500', '09', '179', '0005', 1454422895, '/uploads/2016/02/02/91448693/6525081500091790005.xml', 'садове товариство "Сосновий бор" ділянка № 49', 'Кудрик Іван Данилович', 38);
/*!40000 ALTER TABLE `kadnum` ENABLE KEYS */;


-- Дамп структуры для таблица isgeo.log
CREATE TABLE IF NOT EXISTS `log` (
  `id` int(11) NOT NULL AUTO_INCREMENT,
  `action` tinyint(4) DEFAULT NULL,
  `user_id` smallint(6) DEFAULT NULL,
  `post_id` int(11) DEFAULT NULL,
  `date` int(11) DEFAULT NULL,
  PRIMARY KEY (`id`),
  KEY `FK_log_loglist` (`action`)
) ENGINE=InnoDB AUTO_INCREMENT=366 DEFAULT CHARSET=utf8;

-- Дамп данных таблицы isgeo.log: ~79 rows (приблизительно)
/*!40000 ALTER TABLE `log` DISABLE KEYS */;
REPLACE INTO `log` (`id`, `action`, `user_id`, `post_id`, `date`) VALUES
	(287, 11, 1, 42, 1452511042),
	(288, 21, 1, 57, 1452511089),
	(289, 31, 1, 34, 1452511089),
	(290, 1, 1, 0, 1452511527),
	(291, 2, 1, 0, 1452511533),
	(292, 1, 1, 0, 1452511657),
	(293, 2, 1, 0, 1452511671),
	(294, 1, 1, 0, 1452511711),
	(295, 30, 1, 34, 1452511712),
	(296, 2, 1, 0, 1452511728),
	(297, 1, 1, 0, 1452511753),
	(298, 2, 1, 0, 1452511813),
	(299, 1, 1, 0, 1452511818),
	(300, 2, 1, 0, 1452511845),
	(301, 1, 1, 0, 1452511925),
	(302, 2, 1, 0, 1453458727),
	(303, 1, 1, 0, 1453458731),
	(304, 2, 1, 0, 1453459238),
	(305, 1, 7, 0, 1453459247),
	(306, 1, 7, 0, 1453460960),
	(307, 30, 7, 34, 1453460975),
	(308, 30, 7, 34, 1453461279),
	(309, 30, 7, 34, 1453461351),
	(310, 30, 7, 34, 1453461397),
	(311, 30, 7, 34, 1453461416),
	(312, 30, 7, 34, 1453461462),
	(313, 30, 7, 34, 1453461584),
	(314, 30, 7, 34, 1453461629),
	(315, 30, 7, 34, 1453463133),
	(316, 30, 7, 34, 1453463155),
	(317, 21, 7, 58, 1453463224),
	(318, 31, 7, 34, 1453463224),
	(319, 30, 7, 34, 1453463243),
	(320, 21, 7, 59, 1453463867),
	(321, 31, 7, 34, 1453463867),
	(322, 30, 7, 34, 1453463870),
	(323, 30, 7, 34, 1453464190),
	(324, 30, 7, 34, 1453464577),
	(325, 20, 7, 58, 1453464667),
	(326, 2, 7, 0, 1453464691),
	(327, 1, 1, 0, 1453464695),
	(328, 30, 1, 34, 1453464752),
	(329, 2, 1, 0, 1453464761),
	(330, 1, 7, 0, 1453464780),
	(331, 30, 7, 34, 1453464785),
	(332, 2, 7, 0, 1453465989),
	(333, 1, 1, 0, 1453466919),
	(334, 2, 1, 0, 1453466922),
	(335, 1, 7, 0, 1453466935),
	(336, 1, 7, 0, 1453470618),
	(337, 11, 7, 43, 1453471113),
	(338, 21, 7, 60, 1453472073),
	(339, 31, 7, 35, 1453472073),
	(340, 30, 7, 35, 1453472958),
	(341, 30, 7, 35, 1453472976),
	(342, 11, 7, 44, 1453473025),
	(343, 21, 7, 61, 1453473036),
	(344, 31, 7, 36, 1453473036),
	(345, 30, 7, 36, 1453473041),
	(346, 30, 7, 36, 1453473079),
	(347, 30, 7, 34, 1453473117),
	(348, 11, 7, 45, 1453473238),
	(349, 21, 7, 62, 1453473248),
	(350, 31, 7, 37, 1453473249),
	(351, 30, 7, 37, 1453473251),
	(352, 30, 7, 35, 1453473344),
	(353, 30, 7, 37, 1453530422),
	(354, 30, 7, 34, 1453530428),
	(355, 2, 7, 0, 1453545404),
	(356, 1, 1, 0, 1453545409),
	(357, 2, 1, 0, 1454422395),
	(358, 1, 7, 0, 1454422603),
	(359, 11, 7, 46, 1454422785),
	(360, 21, 7, 63, 1454422896),
	(361, 31, 7, 38, 1454422896),
	(362, 30, 7, 38, 1454422961),
	(363, 30, 7, 35, 1454423799),
	(364, 2, 7, 0, 1454423879),
	(365, 1, 1, 0, 1454423891);
/*!40000 ALTER TABLE `log` ENABLE KEYS */;


-- Дамп структуры для таблица isgeo.loglist
CREATE TABLE IF NOT EXISTS `loglist` (
  `id` tinyint(4) NOT NULL,
  `name` varchar(50) NOT NULL,
  PRIMARY KEY (`id`)
) ENGINE=InnoDB DEFAULT CHARSET=utf8;

-- Дамп данных таблицы isgeo.loglist: ~14 rows (приблизительно)
/*!40000 ALTER TABLE `loglist` DISABLE KEYS */;
REPLACE INTO `loglist` (`id`, `name`) VALUES
	(1, 'вход на сайт'),
	(2, 'выход с сайта'),
	(10, 'скачан файл xml'),
	(11, 'добавлен файл xml'),
	(12, 'изменен файл xml'),
	(13, 'удален файл xml'),
	(20, 'скачан файл архив'),
	(21, 'добавлен файл архив'),
	(22, 'изменен файл архив'),
	(23, 'удален файл архив'),
	(30, 'просмотр пост'),
	(31, 'добавлина новая запись в пост'),
	(32, 'изменена запись в пост'),
	(33, 'удалена запись в пост');
/*!40000 ALTER TABLE `loglist` ENABLE KEYS */;


-- Дамп структуры для таблица isgeo.options
CREATE TABLE IF NOT EXISTS `options` (
  `id` int(11) NOT NULL AUTO_INCREMENT,
  `key` varchar(255) NOT NULL,
  `value` varchar(255) NOT NULL,
  `name` varchar(255) NOT NULL,
  `visible` tinyint(1) NOT NULL DEFAULT '1',
  PRIMARY KEY (`id`)
) ENGINE=InnoDB AUTO_INCREMENT=3 DEFAULT CHARSET=utf8;

-- Дамп данных таблицы isgeo.options: ~2 rows (приблизительно)
/*!40000 ALTER TABLE `options` DISABLE KEYS */;
REPLACE INTO `options` (`id`, `key`, `value`, `name`, `visible`) VALUES
	(1, 'PostOnPage', '1', 'Количество постов на странице', 1),
	(2, 'imgPath', '/uploads', 'Папка для загрузки картинок', 1);
/*!40000 ALTER TABLE `options` ENABLE KEYS */;


-- Дамп структуры для таблица isgeo.post
CREATE TABLE IF NOT EXISTS `post` (
  `id` int(11) NOT NULL AUTO_INCREMENT,
  `status` tinyint(4) NOT NULL DEFAULT '1',
  `title` varchar(255) DEFAULT NULL,
  `fio` varchar(255) DEFAULT NULL,
  `date` int(11) NOT NULL,
  `url` varchar(255) DEFAULT NULL,
  `description` text,
  `square` float DEFAULT NULL,
  `files_id` int(11) DEFAULT NULL,
  `domain_id` int(11) DEFAULT NULL,
  `region_id` int(11) DEFAULT NULL,
  `area_id` int(11) DEFAULT NULL,
  PRIMARY KEY (`id`),
  KEY `FK_post_files` (`files_id`)
) ENGINE=InnoDB AUTO_INCREMENT=39 DEFAULT CHARSET=utf8;

-- Дамп данных таблицы isgeo.post: ~5 rows (приблизительно)
/*!40000 ALTER TABLE `post` DISABLE KEYS */;
REPLACE INTO `post` (`id`, `status`, `title`, `fio`, `date`, `url`, `description`, `square`, `files_id`, `domain_id`, `region_id`, `area_id`) VALUES
	(34, 1, 'садове товариство "Сосновий бор" ділянка № 50', 'Кудрик Іван Данилович', 1453463867, 'http://isgeo/site/index/34', '<p><em>Тестовый</em></p>\r\n<p><strong>проэкт</strong></p>', 0.0891, 59, 1, 5, 912),
	(35, 1, 'садове товариство "Сосновий бор" ділянка № 34', 'Іванов Іван Іванич', 1453472073, 'http://isgeo/site/index/35', '', 0.0673, 60, 1, 5, 912),
	(36, 1, 'садове товариство "Сосновий бор" ділянка № 49', 'Кудрик Іван Данилович', 1453473036, 'http://isgeo/site/index/36', '', 0.0891, 61, 1, 5, 912),
	(37, 1, 'садове товариство "Сосновий бор" ділянка № 49', 'Кудрик Іван Данилович', 1453473248, 'http://isgeo/site/index/37', '', 0.0891, 62, 1, 5, 912),
	(38, 1, 'садове товариство "Сосновий бор" ділянка № 49', 'Кудрик Іван Данилович', 1454422896, 'http://isgeo/site/index/38', '<p style="text-align: center;"><strong>Тестовый архив</strong></p>', 0.0891, 63, 1, 5, 912);
/*!40000 ALTER TABLE `post` ENABLE KEYS */;


-- Дамп структуры для таблица isgeo.region
CREATE TABLE IF NOT EXISTS `region` (
  `id` int(11) NOT NULL AUTO_INCREMENT,
  `name` varchar(255) NOT NULL,
  `koatu` varchar(255) NOT NULL,
  `domain_id` int(11) NOT NULL,
  PRIMARY KEY (`id`)
) ENGINE=InnoDB AUTO_INCREMENT=23 DEFAULT CHARSET=utf8;

-- Дамп данных таблицы isgeo.region: ~22 rows (приблизительно)
/*!40000 ALTER TABLE `region` DISABLE KEYS */;
REPLACE INTO `region` (`id`, `name`, `koatu`, `domain_id`) VALUES
	(0, 'Не известно', '0', 0),
	(2, 'Бериславський район', '206', 1),
	(3, 'Білозерський район', '203', 1),
	(4, 'Чаплинський район', '254', 1),
	(5, 'Цюрупинський район', '250', 1),
	(6, 'Генічеський район', '221', 1),
	(7, 'Голопристанський район', '223', 1),
	(8, 'Горностаївський район', '226', 1),
	(9, 'Іванівський район', '229', 1),
	(10, 'Каховський район', '235', 1),
	(11, 'Каланчацький район', '232', 1),
	(12, 'Херсонська міська рада', '101', 1),
	(13, 'Каховський район', '104', 1),
	(14, 'Новокаховська міська рада', '107', 1),
	(15, 'Новотроїцький район', '244', 1),
	(16, 'Нововоронцовський район', '241', 1),
	(17, 'Нижньосірогозький район', '238', 1),
	(18, 'Скадовський район', '247', 1),
	(19, 'Великолепетиський район', '212', 1),
	(20, 'Великоолександрівський район', '209', 1),
	(21, 'Верхньорогачицький район', '215', 1),
	(22, 'Високопільський район', '218', 1);
/*!40000 ALTER TABLE `region` ENABLE KEYS */;


-- Дамп структуры для таблица isgeo.user
CREATE TABLE IF NOT EXISTS `user` (
  `id` int(11) NOT NULL AUTO_INCREMENT,
  `login` varchar(255) NOT NULL,
  `password` varchar(255) NOT NULL,
  `realname` varchar(255) NOT NULL,
  `email` varchar(255) NOT NULL,
  `user_role_id` int(11) NOT NULL,
  PRIMARY KEY (`id`),
  UNIQUE KEY `email` (`email`),
  UNIQUE KEY `login` (`login`),
  UNIQUE KEY `realname` (`realname`),
  KEY `FK_user_user_role` (`user_role_id`),
  CONSTRAINT `FK_user_user_role` FOREIGN KEY (`user_role_id`) REFERENCES `user_role` (`id`) ON DELETE CASCADE ON UPDATE CASCADE
) ENGINE=InnoDB AUTO_INCREMENT=8 DEFAULT CHARSET=utf8;

-- Дамп данных таблицы isgeo.user: ~2 rows (приблизительно)
/*!40000 ALTER TABLE `user` DISABLE KEYS */;
REPLACE INTO `user` (`id`, `login`, `password`, `realname`, `email`, `user_role_id`) VALUES
	(1, 'admin', '21232f297a57a5a743894a0e4a801fc3', 'Админ', 'admin@domain.com', 1),
	(7, 'user', 'ee11cbb19052e40b07aac0ca060c23ee', 'Юзер', 'user@domain.com', 3);
/*!40000 ALTER TABLE `user` ENABLE KEYS */;


-- Дамп структуры для таблица isgeo.user_role
CREATE TABLE IF NOT EXISTS `user_role` (
  `id` int(11) NOT NULL,
  `role` varchar(255) NOT NULL,
  PRIMARY KEY (`id`)
) ENGINE=InnoDB DEFAULT CHARSET=utf8;

-- Дамп данных таблицы isgeo.user_role: ~4 rows (приблизительно)
/*!40000 ALTER TABLE `user_role` DISABLE KEYS */;
REPLACE INTO `user_role` (`id`, `role`) VALUES
	(1, 'administrator'),
	(2, 'moderator'),
	(3, 'user'),
	(4, 'guest');
/*!40000 ALTER TABLE `user_role` ENABLE KEYS */;


-- Дамп структуры для триггер isgeo.files_before_insert
SET @OLDTMP_SQL_MODE=@@SQL_MODE, SQL_MODE='';
DELIMITER //
CREATE TRIGGER `files_before_insert` BEFORE INSERT ON `files` FOR EACH ROW SET new.date = UNIX_TIMESTAMP(NOW())//
DELIMITER ;
SET SQL_MODE=@OLDTMP_SQL_MODE;


-- Дамп структуры для триггер isgeo.files_before_update
SET @OLDTMP_SQL_MODE=@@SQL_MODE, SQL_MODE='';
DELIMITER //
CREATE TRIGGER `files_before_update` BEFORE UPDATE ON `files` FOR EACH ROW SET new.date = UNIX_TIMESTAMP(NOW())//
DELIMITER ;
SET SQL_MODE=@OLDTMP_SQL_MODE;


-- Дамп структуры для триггер isgeo.kadnum_before_insert
SET @OLDTMP_SQL_MODE=@@SQL_MODE, SQL_MODE='';
DELIMITER //
CREATE TRIGGER `kadnum_before_insert` BEFORE INSERT ON `kadnum` FOR EACH ROW SET new.date = UNIX_TIMESTAMP(NOW())//
DELIMITER ;
SET SQL_MODE=@OLDTMP_SQL_MODE;


-- Дамп структуры для триггер isgeo.kadnum_before_update
SET @OLDTMP_SQL_MODE=@@SQL_MODE, SQL_MODE='';
DELIMITER //
CREATE TRIGGER `kadnum_before_update` BEFORE UPDATE ON `kadnum` FOR EACH ROW SET new.date = UNIX_TIMESTAMP(NOW())//
DELIMITER ;
SET SQL_MODE=@OLDTMP_SQL_MODE;


-- Дамп структуры для триггер isgeo.log_timestamp_ins
SET @OLDTMP_SQL_MODE=@@SQL_MODE, SQL_MODE='';
DELIMITER //
CREATE TRIGGER `log_timestamp_ins` BEFORE INSERT ON `log` FOR EACH ROW SET new.date = UNIX_TIMESTAMP(NOW())//
DELIMITER ;
SET SQL_MODE=@OLDTMP_SQL_MODE;


-- Дамп структуры для триггер isgeo.log_timestamp_up
SET @OLDTMP_SQL_MODE=@@SQL_MODE, SQL_MODE='';
DELIMITER //
CREATE TRIGGER `log_timestamp_up` BEFORE UPDATE ON `log` FOR EACH ROW SET new.date = UNIX_TIMESTAMP(NOW())//
DELIMITER ;
SET SQL_MODE=@OLDTMP_SQL_MODE;


-- Дамп структуры для триггер isgeo.post_timestamp_ins
SET @OLDTMP_SQL_MODE=@@SQL_MODE, SQL_MODE='';
DELIMITER //
CREATE TRIGGER `post_timestamp_ins` BEFORE INSERT ON `post` FOR EACH ROW SET new.date = UNIX_TIMESTAMP(NOW())//
DELIMITER ;
SET SQL_MODE=@OLDTMP_SQL_MODE;


-- Дамп структуры для триггер isgeo.post_timestamp_up
SET @OLDTMP_SQL_MODE=@@SQL_MODE, SQL_MODE='';
DELIMITER //
CREATE TRIGGER `post_timestamp_up` BEFORE UPDATE ON `post` FOR EACH ROW SET new.date = UNIX_TIMESTAMP(NOW())//
DELIMITER ;
SET SQL_MODE=@OLDTMP_SQL_MODE;
/*!40101 SET SQL_MODE=IFNULL(@OLD_SQL_MODE, '') */;
/*!40014 SET FOREIGN_KEY_CHECKS=IF(@OLD_FOREIGN_KEY_CHECKS IS NULL, 1, @OLD_FOREIGN_KEY_CHECKS) */;
/*!40101 SET CHARACTER_SET_CLIENT=@OLD_CHARACTER_SET_CLIENT */;
